{"palette":[[128,0,0],[128,128,0],[128,128,128],[64,0,128],[192,128,128],[128,64,128],[64,64,0],[64,64,128],[192,192,128],[0,0,192],[0,128,192]],"mean":[110.70313206,108.77808759,105.41212523],"dilation":8, "zoom":8}